Que tan caliente esta hoy?,temperatura
Hace calor afuera?,temperatura
Habra un calor insoportable?,temperatura
Sera un dia sofocante?,temperatura
Que tan frio es hoy?,temperatura
Hace frio afuera?,temperatura
Sera terriblemente frio?,temperatura
Hoy hara frio?,temperatura
Cual sera la maxima temperatura de hoy?,temperatura
Cual es la temperatura esperada?,temperatura
Las altas temperaturas seran peligrosas?,temperatura
Esta helado?,temperatura
Cuando bajara el calor?,temperatura
Esta caliente?,temperatura
Hace frio?,temperatura
Que tan frio es ahora?,temperatura
Tendremos un dia frio hoy?,temperatura
Cuando subira la temperatura?,temperatura
Que subidas de calor esperamos?,temperatura
Que bajadas de temperatura?,temperatura
Esta haciendo calor?,temperatura
Esta haciendo frio?,temperatura
Cual es la temperatura actual en Celsius?,temperatura
Cual es la temperatura actual en Fahrenheit?,temperatura
Hay viento?,condiciones
Llovera hoy?,condiciones
Cuales son las posibilidades de lluvia?,condiciones
Caera nieve?,condiciones
Estamos esperando condiciones soleadas ?,condiciones
Estara nublado?,condiciones
Esta nublado?,condiciones
Cuanta lluvia caera hoy?,condiciones
Cuanta nieve estamos esperando?,condiciones
Hace viento afuera?,condiciones
Cuanta nieve esperamos?,condiciones
El pronostico esta indica que caera nieve hoy?,condiciones
Habra algo de sol?,condiciones
Bajara la lluvia?,condiciones
Esta muy nuboso?,condiciones
Esta soleado ahora?,condiciones
Llovera?,condiciones
Tendremos mucha nieve?,condiciones
Habra vientos peligrosos?,condiciones
Cual es la nevada esperada para hoy?,condiciones
Estara seco?,condiciones
Sera ventoso?,condiciones
Sera humedo?,condiciones
Cual es la humedad esperada para hoy?,condiciones
La ventisca nos golpeara?,condiciones
Llovizna?,condiciones
